id,route_cible,route_reelle,fichier,service,droits,desktop,mobile,clavier,erreurs,preuve,statut
"P01","/","/","src/app/(accueil)/page.tsx ; src/app/(accueil)/accueil.module.css","","Page publique ; aucune donnée personnelle","OK 1440 px : aucun débordement, aucune erreur de page","OK 390 px : aucun débordement, aucune erreur de page","Tests L04 (FAQ au clavier), L05 (menu : Échap rend le focus)","0 erreur(s) JavaScript relevée(s)","captures/P01-1440.jpg, captures/P01-390.jpg ; Rendu réel local, 1440 et 390 px (captures/P01-*.jpg) ; recette 320/768/1024, zoom 200 %, WebKit","verifie_local"
"P02","/etablissement","/connexion (étape 1)","src/app/connexion/page.tsx","lib/session-serveur ; lib/v6/contexte-etablissement ; lib/v6/connexion-serveur ; lib/v6/redirection ; app/connexion/actions","Page publique ; aucune donnée personnelle","OK 1440 px : aucun débordement, aucune erreur de page","OK 390 px : aucun débordement, aucune erreur de page","Non testé","0 erreur(s) JavaScript relevée(s)","captures/P02-1440.jpg, captures/P02-390.jpg ; Rendu réel local, 1440 et 390 px (captures/P02-*.jpg)","verifie_local"
"P03","/connexion","/connexion (étape 2)","src/app/connexion/page.tsx","lib/session-serveur ; lib/v6/contexte-etablissement ; lib/v6/connexion-serveur ; lib/v6/redirection ; app/connexion/actions","Page publique ; aucune donnée personnelle","Non capturé","Non capturé","Tests C04 (focus au premier champ en erreur), C05 (saisie automatique, collage, afficher/masquer)","Non mesuré","Rendu réel local (étape 1), 1440 et 390 px","partiel"
"P04","/invitation/:token","/invitation/[jeton]","src/app/invitation/[jeton]/page.tsx","lib/supabase-serveur ; lib/v6/invitations","Page publique ; aucune donnée personnelle","Non capturé","Non capturé","Non testé","Non mesuré","Non capturé (jeton d'invitation requis)","partiel"
"P05","/activation","/activation et /activer","src/app/activation/page.tsx ; src/app/activer/page.tsx","lib/identite-legale ; lib/session-serveur ; app/activer/actions","Page publique ; aucune donnée personnelle","OK 1440 px : aucun débordement, aucune erreur de page","OK 390 px : aucun débordement, aucune erreur de page","Non testé","0 erreur(s) JavaScript relevée(s)","captures/P05-1440.jpg, captures/P05-390.jpg ; Rendu réel local de /activer, 1440 et 390 px","verifie_local"
"P06","/acces-oublie","/acces-oublie","src/app/acces-oublie/page.tsx","lib/v6/connexion-serveur","Page publique ; aucune donnée personnelle","OK 1440 px : aucun débordement, aucune erreur de page","OK 390 px : aucun débordement, aucune erreur de page","Non testé","0 erreur(s) JavaScript relevée(s)","captures/P06-1440.jpg, captures/P06-390.jpg ; Rendu réel local, 1440 et 390 px (captures/P06-*.jpg)","verifie_local"
"P07","/acces-oublie/confirmation","/acces-oublie (état envoyé)","src/app/acces-oublie/FormulaireRecuperation.tsx","app/acces-oublie/actions","Page publique ; aucune donnée personnelle","Non capturé","Non capturé","Non testé","Non mesuré","Non capturé (exige un envoi)","partiel"
"P08","/reinitialisation","ABSENT","","","Page publique ; aucune donnée personnelle","Non capturé","Non capturé","Non testé","Non mesuré","Sans objet","absent_non_invente"
"P09","/rejoindre","/rejoindre","src/app/rejoindre/page.tsx","lib/session-serveur","Page publique ; aucune donnée personnelle","OK 1440 px : aucun débordement, aucune erreur de page","OK 390 px : aucun débordement, aucune erreur de page","Non testé","0 erreur(s) JavaScript relevée(s)","captures/P09-1440.jpg, captures/P09-390.jpg ; Rendu réel local, 1440 et 390 px (captures/P09-*.jpg)","verifie_local"
"P10","/session-expiree","/session-expiree","src/app/session-expiree/page.tsx","lib/v6/redirection","Page publique ; aucune donnée personnelle","OK 1440 px : aucun débordement, aucune erreur de page","OK 390 px : aucun débordement, aucune erreur de page","Non testé","0 erreur(s) JavaScript relevée(s)","captures/P10-1440.jpg, captures/P10-390.jpg ; Rendu réel local, 1440 et 390 px (captures/P10-*.jpg)","verifie_local"
"P11","/lien-expire","/lien-expire","src/app/lien-expire/page.tsx","","Page publique ; aucune donnée personnelle","OK 1440 px : aucun débordement, aucune erreur de page","OK 390 px : aucun débordement, aucune erreur de page","Non testé","0 erreur(s) JavaScript relevée(s)","captures/P11-1440.jpg, captures/P11-390.jpg ; Rendu réel local, 1440 et 390 px (captures/P11-*.jpg)","verifie_local"
"P12","/aide","/aide","src/app/(public)/(site)/aide/page.tsx","","Page publique ; aucune donnée personnelle","OK 1440 px : aucun débordement, aucune erreur de page","OK 390 px : aucun débordement, aucune erreur de page","FAQ en <details> natif (clavier sans script)","0 erreur(s) JavaScript relevée(s)","captures/P12-1440.jpg, captures/P12-390.jpg ; Rendu réel local, 1440 et 390 px (captures/P12-*.jpg)","verifie_local"
"P13","/confidentialite","/confidentialite","src/app/(public)/(site)/confidentialite/page.tsx","lib/identite-legale","Page publique ; aucune donnée personnelle","OK 1440 px : aucun débordement, aucune erreur de page","OK 390 px : aucun débordement, aucune erreur de page","Non testé","0 erreur(s) JavaScript relevée(s)","captures/P13-1440.jpg, captures/P13-390.jpg ; Rendu réel local, 1440 et 390 px (captures/P13-*.jpg)","verifie_local"
"P14","/mentions-legales","/mentions-legales","src/app/(public)/(site)/mentions-legales/page.tsx","lib/identite-legale","Page publique ; aucune donnée personnelle","Non capturé","Non capturé","Non testé","Non mesuré","Rendu réel local (lot précédent)","partiel"
"A01","/app/bienvenue","/app/bienvenue","src/app/app/bienvenue/page.tsx","lib/supabase-serveur ; lib/v6/contexte ; lib/v6/cours","Contrôlés côté serveur (session, politiques de ligne) ; non exercés avec un vrai compte","OK 1440 px : aucun débordement, aucune erreur de page","OK 390 px : aucun débordement, aucune erreur de page","Non testé","0 erreur(s) JavaScript relevée(s)","captures/A01-1440.jpg, captures/A01-390.jpg ; Aperçu local, données fictives, 1440 et 390 px (captures/A01-*.jpg)","bloque_recette_connectee"
"A02","/app","/app","src/app/app/page.tsx ; src/components/study/accueil/AccueilEleve.tsx","lib/echeances ; lib/espace-eleve ; lib/parcours-eleve ; lib/v6/classe ; lib/v6/contexte ; lib/v6/eleve ; lib/v6/revision","Contrôlés côté serveur (session, politiques de ligne) ; non exercés avec un vrai compte","OK 1440 px : aucun débordement, aucune erreur de page","OK 390 px : aucun débordement, aucune erreur de page","Non testé","0 erreur(s) JavaScript relevée(s)","captures/A02-1440.jpg, captures/A02-390.jpg ; Aperçu local /apercu/accueil, 1440 et 390 px","bloque_recette_connectee"
"A03","/app/cours","/app/cours","src/app/app/cours/page.tsx","lib/v6/contexte ; lib/v6/cours ; lib/supabase-serveur","Contrôlés côté serveur (session, politiques de ligne) ; non exercés avec un vrai compte","OK 1440 px : aucun débordement, aucune erreur de page","OK 390 px : aucun débordement, aucune erreur de page","Non testé","0 erreur(s) JavaScript relevée(s)","captures/A03-1440.jpg, captures/A03-390.jpg ; Aperçu local, données fictives, 1440 et 390 px (captures/A03-*.jpg)","bloque_recette_connectee"
"A04","/app/cours/:id","/app/cours/[cours]","src/app/app/cours/[cours]/page.tsx","lib/v6/contexte ; lib/v6/cours","Contrôlés côté serveur (session, politiques de ligne) ; non exercés avec un vrai compte","OK 1440 px : aucun débordement, aucune erreur de page","OK 390 px : aucun débordement, aucune erreur de page","Non testé","0 erreur(s) JavaScript relevée(s)","captures/A04-1440.jpg, captures/A04-390.jpg ; Aperçu local, données fictives, 1440 et 390 px (captures/A04-*.jpg)","bloque_recette_connectee"
"A05","/app/recherche","/app/recherche","src/app/app/recherche/page.tsx","lib/v6/contexte","Contrôlés côté serveur (session, politiques de ligne) ; non exercés avec un vrai compte","OK 1440 px : aucun débordement, aucune erreur de page","OK 390 px : aucun débordement, aucune erreur de page","Non testé","0 erreur(s) JavaScript relevée(s)","captures/A05-1440.jpg, captures/A05-390.jpg ; Aperçu local, données fictives, 1440 et 390 px (captures/A05-*.jpg) (état initial seulement)","bloque_recette_connectee"
"A06","/app/reviser","/app/reviser","src/app/app/reviser/page.tsx","lib/v6/contexte ; lib/v6/fiches ; lib/v6/revision","Contrôlés côté serveur (session, politiques de ligne) ; non exercés avec un vrai compte","OK 1440 px : aucun débordement, aucune erreur de page","OK 390 px : aucun débordement, aucune erreur de page","Non testé","0 erreur(s) JavaScript relevée(s)","captures/A06-1440.jpg, captures/A06-390.jpg ; Aperçu local, données fictives, 1440 et 390 px (captures/A06-*.jpg)","bloque_recette_connectee"
"A07","/app/reviser/seance","/app/cartes/[fiche] ; /app/entrainements/[session]","src/app/app/cartes/[fiche]/PaquetCartes.tsx ; src/app/app/entrainements/[session]/Entrainement.tsx","lib/v6/fiches","Contrôlés côté serveur (session, politiques de ligne) ; non exercés avec un vrai compte","OK 1440 px : aucun débordement, aucune erreur de page","OK 390 px : aucun débordement, aucune erreur de page","Non testé","0 erreur(s) JavaScript relevée(s)","captures/A07-1440.jpg, captures/A07-390.jpg ; Aperçu local /apercu/cartes, 1440 et 390 px","bloque_recette_connectee"
"A08","/app/fiches","/app/fiches/nouvelle ; /app/fiches/[fiche]","src/app/app/fiches/nouvelle/page.tsx","lib/v6/contexte ; lib/v6/fiches","Contrôlés côté serveur (session, politiques de ligne) ; non exercés avec un vrai compte","OK 1440 px : aucun débordement, aucune erreur de page","OK 390 px : aucun débordement, aucune erreur de page","Non testé","0 erreur(s) JavaScript relevée(s)","captures/A08-1440.jpg, captures/A08-390.jpg ; Aperçu local, données fictives, 1440 et 390 px (captures/A08-*.jpg)","bloque_recette_connectee"
"A09","/app/erreurs","/app/erreurs","src/app/app/erreurs/page.tsx","lib/supabase-serveur ; lib/v6/contexte","Contrôlés côté serveur (session, politiques de ligne) ; non exercés avec un vrai compte","OK 1440 px : aucun débordement, aucune erreur de page","OK 390 px : aucun débordement, aucune erreur de page","Onglets en liens (tabulation native)","0 erreur(s) JavaScript relevée(s)","captures/A09-1440.jpg, captures/A09-390.jpg ; Aperçu local, données fictives, 1440 et 390 px (captures/A09-*.jpg)","bloque_recette_connectee"
"A10","/app/debloque-moi","/app/aide (parcours Débloque-moi)","src/app/app/aide/ParcoursDebloque.tsx","","Contrôlés côté serveur (session, politiques de ligne) ; non exercés avec un vrai compte","OK 1440 px : aucun débordement, aucune erreur de page","OK 390 px : aucun débordement, aucune erreur de page","Non testé","0 erreur(s) JavaScript relevée(s)","captures/A10-1440.jpg, captures/A10-390.jpg ; Aperçu local, données fictives, 1440 et 390 px (captures/A10-*.jpg)","bloque_recette_connectee"
"A11","/app/classe","/app/classe","src/app/app/classe/page.tsx","lib/v6/contexte","Contrôlés côté serveur (session, politiques de ligne) ; non exercés avec un vrai compte","OK 1440 px : aucun débordement, aucune erreur de page","OK 390 px : aucun débordement, aucune erreur de page","Non testé","0 erreur(s) JavaScript relevée(s)","captures/A11-1440.jpg, captures/A11-390.jpg ; Aperçu local, données fictives, 1440 et 390 px (captures/A11-*.jpg)","bloque_recette_connectee"
"A12","/app/messages","/app/messagerie ; /app/classes/[classe]/salons/[salon]","src/app/app/messagerie/page.tsx","lib/v6/contexte ; lib/v6/messagerie","Contrôlés côté serveur (session, politiques de ligne) ; non exercés avec un vrai compte","OK 1440 px : aucun débordement, aucune erreur de page","OK 390 px : aucun débordement, aucune erreur de page","Non testé","0 erreur(s) JavaScript relevée(s)","captures/A12-1440.jpg, captures/A12-390.jpg ; Aperçu local, données fictives, 1440 et 390 px (captures/A12-*.jpg) (liste seulement)","bloque_recette_connectee"
"A13","/app/classe/membres","/app/classe/membres","src/app/app/classe/membres/page.tsx","lib/v6/contexte","Contrôlés côté serveur (session, politiques de ligne) ; non exercés avec un vrai compte","OK 1440 px : aucun débordement, aucune erreur de page","OK 390 px : aucun débordement, aucune erreur de page","Non testé","0 erreur(s) JavaScript relevée(s)","captures/A13-1440.jpg, captures/A13-390.jpg ; Aperçu local, données fictives, 1440 et 390 px (captures/A13-*.jpg) (vue professeur principal)","bloque_recette_connectee"
"A14","/app/classe/vie","/app/classe/vie","src/app/app/classe/vie/page.tsx","lib/v6/contexte","Contrôlés côté serveur (session, politiques de ligne) ; non exercés avec un vrai compte","OK 1440 px : aucun débordement, aucune erreur de page","OK 390 px : aucun débordement, aucune erreur de page","Non testé","0 erreur(s) JavaScript relevée(s)","captures/A14-1440.jpg, captures/A14-390.jpg ; Aperçu local, données fictives, 1440 et 390 px (captures/A14-*.jpg)","bloque_recette_connectee"
"A15","/app/projets","/app/projets","src/app/app/projets/page.tsx","lib/supabase-serveur ; lib/v6/contexte","Contrôlés côté serveur (session, politiques de ligne) ; non exercés avec un vrai compte","OK 1440 px : aucun débordement, aucune erreur de page","OK 390 px : aucun débordement, aucune erreur de page","Non testé","0 erreur(s) JavaScript relevée(s)","captures/A15-1440.jpg, captures/A15-390.jpg ; Aperçu local, données fictives, 1440 et 390 px (captures/A15-*.jpg) (liste seulement)","bloque_recette_connectee"
"A16","/app/agenda","/app/agenda","src/app/app/agenda/page.tsx","lib/supabase-serveur ; lib/v6/contexte ; lib/v6/eleve","Contrôlés côté serveur (session, politiques de ligne) ; non exercés avec un vrai compte","OK 1440 px : aucun débordement, aucune erreur de page","OK 390 px : aucun débordement, aucune erreur de page","Non testé","0 erreur(s) JavaScript relevée(s)","captures/A16-1440.jpg, captures/A16-390.jpg ; Aperçu local, données fictives, 1440 et 390 px (captures/A16-*.jpg)","bloque_recette_connectee"
"A17","/app/orientation","/app/orientation","src/app/app/orientation/page.tsx","lib/supabase-serveur ; lib/v6/contexte ; lib/v6/classe","Contrôlés côté serveur (session, politiques de ligne) ; non exercés avec un vrai compte","OK 1440 px : aucun débordement, aucune erreur de page","OK 390 px : aucun débordement, aucune erreur de page","Non testé","0 erreur(s) JavaScript relevée(s)","captures/A17-1440.jpg, captures/A17-390.jpg ; Aperçu local, données fictives, 1440 et 390 px (captures/A17-*.jpg)","bloque_recette_connectee"
"A18","/app/ateliers","/app/ateliers","src/app/app/ateliers/page.tsx","lib/supabase-serveur ; lib/v6/contexte","Contrôlés côté serveur (session, politiques de ligne) ; non exercés avec un vrai compte","OK 1440 px : aucun débordement, aucune erreur de page","OK 390 px : aucun débordement, aucune erreur de page","Non testé","0 erreur(s) JavaScript relevée(s)","captures/A18-1440.jpg, captures/A18-390.jpg ; Aperçu local, données fictives, 1440 et 390 px (captures/A18-*.jpg)","bloque_recette_connectee"
"A19","/app/aide-adulte","/app/demandes/nouvelle ; /app/demandes","src/app/app/demandes/nouvelle/page.tsx","lib/supabase-serveur ; lib/v6/contexte","Contrôlés côté serveur (session, politiques de ligne) ; non exercés avec un vrai compte","OK 1440 px : aucun débordement, aucune erreur de page","OK 390 px : aucun débordement, aucune erreur de page","Non testé","0 erreur(s) JavaScript relevée(s)","captures/A19-1440.jpg, captures/A19-390.jpg ; Aperçu local, données fictives, 1440 et 390 px (captures/A19-*.jpg) (+ liste des demandes A19b)","bloque_recette_connectee"
"A20","/app/reglages","/app/reglages","src/app/app/reglages/page.tsx","lib/supabase-serveur ; lib/v6/contexte","Contrôlés côté serveur (session, politiques de ligne) ; non exercés avec un vrai compte","OK 1440 px : aucun débordement, aucune erreur de page","OK 390 px : aucun débordement, aucune erreur de page","Non testé","0 erreur(s) JavaScript relevée(s)","captures/A20-1440.jpg, captures/A20-390.jpg ; Aperçu local, données fictives, 1440 et 390 px (captures/A20-*.jpg) (onglets Compte et Affichage)","bloque_recette_connectee"
"A21","/app/hors-ligne","/app/hors-ligne","src/app/app/hors-ligne/page.tsx","","Contrôlés côté serveur (session, politiques de ligne) ; non exercés avec un vrai compte","OK 1440 px : aucun débordement, aucune erreur de page","OK 390 px : aucun débordement, aucune erreur de page","Non testé","0 erreur(s) JavaScript relevée(s)","captures/A21-1440.jpg, captures/A21-390.jpg ; Aperçu local, données fictives, 1440 et 390 px (captures/A21-*.jpg)","bloque_recette_connectee"
"A22","/app/acces-en-attente","/acces-en-attente","src/app/acces-en-attente/page.tsx","lib/session-serveur ; lib/supabase-serveur ; lib/v6/redirection ; app/acces-en-attente/actions","Contrôlés côté serveur (session, politiques de ligne) ; non exercés avec un vrai compte","Non capturé","Non capturé","Non testé","Non mesuré","Non capturé (session requise)","bloque_recette_connectee"
"T01","/app/professeur","/professeur","src/app/professeur/page.tsx","lib/session-serveur ; lib/studio ; lib/espace-professeur ; lib/echeances ; lib/v6/eleve ; lib/v6/professeur","Contrôlés côté serveur (session, politiques de ligne) ; non exercés avec un vrai compte","OK 1440 px : aucun débordement, aucune erreur de page","OK 390 px : aucun débordement, aucune erreur de page","Non testé","0 erreur(s) JavaScript relevée(s)","captures/T01-1440.jpg, captures/T01-390.jpg ; Aperçu local, données fictives, 1440 et 390 px (captures/T01-*.jpg)","bloque_recette_connectee"
"T02","/app/studio","/studio ; /professeur/studio","src/app/studio/page.tsx ; src/app/professeur/studio/page.tsx","lib/session-serveur ; lib/studio ; lib/studio-documents","Contrôlés côté serveur (session, politiques de ligne) ; non exercés avec un vrai compte","OK 1440 px : aucun débordement, aucune erreur de page","OK 390 px : aucun débordement, aucune erreur de page","Non testé","0 erreur(s) JavaScript relevée(s)","captures/T02-1440.jpg, captures/T02-390.jpg ; Aperçu local, données fictives, 1440 et 390 px (captures/T02-*.jpg) (T02 et T02b)","bloque_recette_connectee"
"T03","/app/studio/cours/:id","/studio/[seance] ; /professeur/studio/[document]","src/app/professeur/studio/[document]/page.tsx","lib/session-serveur ; lib/studio-documents","Contrôlés côté serveur (session, politiques de ligne) ; non exercés avec un vrai compte","OK 1440 px : aucun débordement, aucune erreur de page","OK 390 px : aucun débordement, aucune erreur de page","Non testé","0 erreur(s) JavaScript relevée(s)","captures/T03-1440.jpg, captures/T03-390.jpg ; Aperçu local, données fictives, 1440 et 390 px (captures/T03-*.jpg) (éditeur de séance)","bloque_recette_connectee"
"T04","/app/studio/exercices","/studio/exercices","src/app/studio/exercices/page.tsx","lib/session-serveur ; lib/espace-professeur ; lib/studio ; lib/v6/banque ; lib/v6/redirection","Contrôlés côté serveur (session, politiques de ligne) ; non exercés avec un vrai compte","OK 1440 px : aucun débordement, aucune erreur de page","OK 390 px : aucun débordement, aucune erreur de page","Non testé","0 erreur(s) JavaScript relevée(s)","captures/T04-1440.jpg, captures/T04-390.jpg ; Aperçu local, données fictives, 1440 et 390 px (captures/T04-*.jpg)","bloque_recette_connectee"
"T05","/app/studio/ateliers","/app/prof/ateliers/nouveau ; /app/prof/ateliers/[atelier]","src/app/app/prof/ateliers/nouveau/page.tsx","lib/v6/contexte","Contrôlés côté serveur (session, politiques de ligne) ; non exercés avec un vrai compte","OK 1440 px : aucun débordement, aucune erreur de page","OK 390 px : aucun débordement, aucune erreur de page","Non testé","0 erreur(s) JavaScript relevée(s)","captures/T05-1440.jpg, captures/T05-390.jpg ; Aperçu local, données fictives, 1440 et 390 px (captures/T05-*.jpg) (liste T05 et assistant étape 1 T05b)","bloque_recette_connectee"
"D01","/app/admin","/admin","src/app/admin/page.tsx","lib/etablissement ; lib/lot-rentree ; lib/session-serveur ; lib/supabase-serveur","Contrôlés côté serveur (session, politiques de ligne) ; non exercés avec un vrai compte","OK 1440 px : aucun débordement, aucune erreur de page","OK 390 px : aucun débordement, aucune erreur de page","Non testé","0 erreur(s) JavaScript relevée(s)","captures/D01-1440.jpg, captures/D01-390.jpg ; Aperçu local, données fictives, 1440 et 390 px (captures/D01-*.jpg)","bloque_recette_connectee"
"D02","/app/admin/eleves","/admin/import ; /admin/import/[lot] ; /admin/utilisateurs","src/app/admin/import/page.tsx ; src/app/admin/import/[lot]/page.tsx","lib/etablissement ; lib/lot-rentree ; lib/session-serveur","Contrôlés côté serveur (session, politiques de ligne) ; non exercés avec un vrai compte","OK 1440 px : aucun débordement, aucune erreur de page","OK 390 px : aucun débordement, aucune erreur de page","Non testé","0 erreur(s) JavaScript relevée(s)","captures/D02-1440.jpg, captures/D02-390.jpg ; Aperçu local, données fictives, 1440 et 390 px (captures/D02-*.jpg) (Personnes D02, vérification d'import D02b)","bloque_recette_connectee"
"D03","/app/admin/acces","/admin/recuperation","src/app/admin/recuperation/page.tsx","lib/supabase-serveur ; lib/v6/contexte","Contrôlés côté serveur (session, politiques de ligne) ; non exercés avec un vrai compte","OK 1440 px : aucun débordement, aucune erreur de page","OK 390 px : aucun débordement, aucune erreur de page","Non testé","0 erreur(s) JavaScript relevée(s)","captures/D03-1440.jpg, captures/D03-390.jpg ; Aperçu local, données fictives, 1440 et 390 px (captures/D03-*.jpg)","bloque_recette_connectee"
"D04","/app/admin/moderation","/admin/moderation","src/app/admin/moderation/page.tsx","lib/garde-assurance ; lib/moderation ; lib/session-serveur","Contrôlés côté serveur (session, politiques de ligne) ; non exercés avec un vrai compte","OK 1440 px : aucun débordement, aucune erreur de page","OK 390 px : aucun débordement, aucune erreur de page","File en boutons aria-pressed, onglets role=tab","0 erreur(s) JavaScript relevée(s)","captures/D04-1440.jpg, captures/D04-390.jpg ; Aperçu local, données fictives, 1440 et 390 px (captures/D04-*.jpg)","bloque_recette_connectee"
"D05","/app/admin/annees","/admin/annees","src/app/admin/annees/page.tsx","lib/supabase-serveur ; lib/v6/contexte","Contrôlés côté serveur (session, politiques de ligne) ; non exercés avec un vrai compte","OK 1440 px : aucun débordement, aucune erreur de page","OK 390 px : aucun débordement, aucune erreur de page","Non testé","0 erreur(s) JavaScript relevée(s)","captures/D05-1440.jpg, captures/D05-390.jpg ; Aperçu local, données fictives, 1440 et 390 px (captures/D05-*.jpg)","bloque_recette_connectee"
"P15","/produit","/produit","src/app/(public)/(site)/produit/page.tsx","","Page publique ; aucune donnée personnelle","OK 1440 px : aucun débordement, aucune erreur de page","OK 390 px : aucun débordement, aucune erreur de page","Menu mobile partagé : tests N01–N04 (Échap, focus, cibles 44 px)","0 erreur(s) JavaScript relevée(s)","captures/P15-1440.jpg, captures/P15-390.jpg ; Rendu réel local, 1440 et 390 px (captures/P15-*.jpg)","verifie_local"
"P16","/etablissements","/etablissements","src/app/(public)/(site)/etablissements/page.tsx","lib/demande-commerciale","Page publique ; aucune donnée personnelle","OK 1440 px : aucun débordement, aucune erreur de page","OK 390 px : aucun débordement, aucune erreur de page","Non testé","0 erreur(s) JavaScript relevée(s)","captures/P16-1440.jpg, captures/P16-390.jpg ; Rendu réel local, 1440 et 390 px (captures/P16-*.jpg)","verifie_local"
"P17","/offre","/offre","src/app/(public)/(site)/offre/page.tsx","lib/identite-legale","Page publique ; aucune donnée personnelle","OK 1440 px : aucun débordement, aucune erreur de page","OK 390 px : aucun débordement, aucune erreur de page","Non testé","0 erreur(s) JavaScript relevée(s)","captures/P17-1440.jpg, captures/P17-390.jpg ; Rendu réel local, 1440 et 390 px (captures/P17-*.jpg)","verifie_local"
"P18","/contact","/contact","src/app/(public)/(site)/contact/page.tsx","lib/demande-commerciale ; lib/identite-legale","Page publique ; aucune donnée personnelle","OK 1440 px : aucun débordement, aucune erreur de page","OK 390 px : aucun débordement, aucune erreur de page","Non testé","0 erreur(s) JavaScript relevée(s)","captures/P18-1440.jpg, captures/P18-390.jpg ; Rendu réel local, 1440 et 390 px (captures/P18-*.jpg)","verifie_local"
"P19","/securite","/securite","src/app/(public)/(site)/securite/page.tsx","lib/identite-legale","Page publique ; aucune donnée personnelle","Non capturé","Non capturé","Non testé","Non mesuré","Rendu réel local (lot précédent)","partiel"
"P20","/conditions","/conditions","src/app/(public)/(site)/conditions/page.tsx","lib/identite-legale","Page publique ; aucune donnée personnelle","Non capturé","Non capturé","Non testé","Non mesuré","Rendu réel local (lot précédent)","partiel"
"P21","/404","toute route inconnue","src/app/not-found.tsx","","Page publique ; aucune donnée personnelle","OK 1440 px : aucun débordement, aucune erreur de page","OK 390 px : aucun débordement, aucune erreur de page","Non testé","0 erreur(s) JavaScript relevée(s)","captures/P21-1440.jpg, captures/P21-390.jpg ; Rendu réel local, 1440 et 390 px (captures/P21-*.jpg)","verifie_local"
