id,ecran,route_cahier,route_reelle,fichier,service,role,etat_initial,presentation_refaite,actions_raccordees,verification_visuelle,parcours_vrai_compte,remarque
"P01","Landing","/","/","src/app/(accueil)/page.tsx ; src/app/(accueil)/accueil.module.css","","Public","Landing V7 avec intro 3D (ruban, logo extrudé, bouton Passer)","Oui (copie conforme de landing-reference.html, menu mobile intégré)","Liens uniquement (aucune action serveur)","Rendu réel local, 1440 et 390 px (captures/P01-*.jpg) ; recette 320/768/1024, zoom 200 %, WebKit","Sans objet (page publique)",""
"P02","Établissement","/etablissement","/connexion (étape 1)","src/app/connexion/page.tsx","lib/session-serveur ; lib/v6/contexte-etablissement ; lib/v6/connexion-serveur ; lib/v6/redirection ; app/connexion/actions","Public","Pas de route /etablissement : résolution intégrée à /connexion","Oui","Résolveur d'établissement inchangé ; non exercé","Rendu réel local, 1440 et 390 px (captures/P02-*.jpg)","Non — bloqué : aucun projet de recette ni compte de test (voir docs/refonte/recette-isolee.md)","Écran = étape 1 de /connexion"
"P03","Connexion","/connexion","/connexion (étape 2)","src/app/connexion/page.tsx","lib/session-serveur ; lib/v6/contexte-etablissement ; lib/v6/connexion-serveur ; lib/v6/redirection ; app/connexion/actions","Public","Connexion V6 sur carte","Oui","Authentification BFF inchangée ; envoi refusé en local (CSRF, APP_ORIGIN de production)","Rendu réel local (étape 1), 1440 et 390 px","Non — bloqué : aucun projet de recette ni compte de test (voir docs/refonte/recette-isolee.md)","Étape 2 non affichable sans établissement résolu"
"P04","Invitation","/invitation/:token","/invitation/[jeton]","src/app/invitation/[jeton]/page.tsx","lib/supabase-serveur ; lib/v6/invitations","Public","Écran V6 sur CadreConnexion","Hérite de l'AuthShell R2","Jeton serveur inchangé ; non exercé","Non capturé (jeton d'invitation requis)","Non — bloqué : aucun projet de recette ni compte de test (voir docs/refonte/recette-isolee.md)",""
"P05","Activation","/activation","/activation et /activer","src/app/activation/page.tsx ; src/app/activer/page.tsx","lib/identite-legale ; lib/session-serveur ; app/activer/actions","Invité vérifié","Écrans V6 sur CadreConnexion","Hérite de l'AuthShell R2","Activation inchangée ; non exercée","Rendu réel local de /activer, 1440 et 390 px","Non — bloqué : aucun projet de recette ni compte de test (voir docs/refonte/recette-isolee.md)",""
"P06","Récupération","/acces-oublie","/acces-oublie","src/app/acces-oublie/page.tsx","lib/v6/connexion-serveur","Public","Formulaire V6","Hérite de l'AuthShell R2 + mention de la référence","Demande de récupération inchangée ; non exercée","Rendu réel local, 1440 et 390 px (captures/P06-*.jpg)","Non — bloqué : aucun projet de recette ni compte de test (voir docs/refonte/recette-isolee.md)",""
"P07","Demande reçue","/acces-oublie/confirmation","/acces-oublie (état envoyé)","src/app/acces-oublie/FormulaireRecuperation.tsx","app/acces-oublie/actions","Public","Confirmation affichée dans le même écran, pas de route dédiée","Hérite de l'AuthShell R2","État « envoyée » de P06","Non capturé (exige un envoi)","Non — bloqué : aucun projet de recette ni compte de test (voir docs/refonte/recette-isolee.md)",""
"P08","Nouveau mot de passe","/reinitialisation","ABSENT","","","Jeton valide","Aucune réinitialisation en libre-service : l'admin traite la demande (/admin/recuperation) et remet un lien d'invitation ou une fiche","Sans objet","Fonction absente — non inventée","Sans objet","Sans objet","Réinitialisation = D03 puis lien d'invitation"
"P09","Rejoindre une classe","/rejoindre","/rejoindre","src/app/rejoindre/page.tsx","lib/session-serveur","Public puis connecté","Écran V6","Hérite de l'AuthShell R2","Demande d'adhésion inchangée (validation professeur conservée) ; non exercée","Rendu réel local, 1440 et 390 px (captures/P09-*.jpg)","Non — bloqué : aucun projet de recette ni compte de test (voir docs/refonte/recette-isolee.md)",""
"P10","Session expirée","/session-expiree","/session-expiree","src/app/session-expiree/page.tsx","lib/v6/redirection","Public","Écran V6","Hérite de l'AuthShell R2","Lien de reconnexion","Rendu réel local, 1440 et 390 px (captures/P10-*.jpg)","Sans objet (page publique)",""
"P11","Lien expiré","/lien-expire","/lien-expire","src/app/lien-expire/page.tsx","","Public","Écran V6","Hérite de l'AuthShell R2","Liens uniquement","Rendu réel local, 1440 et 390 px (captures/P11-*.jpg)","Sans objet (page publique)",""
"P12","Aide","/aide","/aide","src/app/(public)/(site)/aide/page.tsx","","Public","Page éditoriale V6","Oui (FAQ en accordéon, carte « Contacter votre établissement »)","Liens uniquement","Rendu réel local, 1440 et 390 px (captures/P12-*.jpg)","Sans objet (page publique)",""
"P13","Confidentialité","/confidentialite","/confidentialite","src/app/(public)/(site)/confidentialite/page.tsx","lib/identite-legale","Public","Page éditoriale V6","Oui (sommaire)","Liens uniquement","Rendu réel local, 1440 et 390 px (captures/P13-*.jpg)","Sans objet (page publique)",""
"P14","Mentions légales","/mentions-legales","/mentions-legales","src/app/(public)/(site)/mentions-legales/page.tsx","lib/identite-legale","Public","Page éditoriale V6","Oui (sommaire)","Liens uniquement","Rendu réel local (lot précédent)","Sans objet (page publique)",""
"A01","Bienvenue","/app/bienvenue","/app/bienvenue","src/app/app/bienvenue/page.tsx","lib/supabase-serveur ; lib/v6/contexte ; lib/v6/cours","Connecté","Écran V6","Oui","Raccordées : mêmes actions serveur qu'avant, code inchangé ; non exercées","Aperçu local, données fictives, 1440 et 390 px (captures/A01-*.jpg)","Non — bloqué : aucun projet de recette ni compte de test (voir docs/refonte/recette-isolee.md)",""
"A02","Accueil","/app","/app","src/app/app/page.tsx ; src/components/study/accueil/AccueilEleve.tsx","lib/echeances ; lib/espace-eleve ; lib/parcours-eleve ; lib/v6/classe ; lib/v6/contexte ; lib/v6/eleve ; lib/v6/revision","Élève","Accueil V6","Oui","Raccordées : mêmes actions serveur qu'avant, code inchangé ; non exercées","Aperçu local /apercu/accueil, 1440 et 390 px","Non — bloqué : aucun projet de recette ni compte de test (voir docs/refonte/recette-isolee.md)",""
"A03","Cours","/app/cours","/app/cours","src/app/app/cours/page.tsx","lib/v6/contexte ; lib/v6/cours ; lib/supabase-serveur","Membre classe","Grille V6 multicolore","Oui (lot précédent)","Raccordées : mêmes actions serveur qu'avant, code inchangé ; non exercées","Aperçu local, données fictives, 1440 et 390 px (captures/A03-*.jpg)","Non — bloqué : aucun projet de recette ni compte de test (voir docs/refonte/recette-isolee.md)",""
"A04","Lecture du cours","/app/cours/:id","/app/cours/[cours]","src/app/app/cours/[cours]/page.tsx","lib/v6/contexte ; lib/v6/cours","Membre classe","Lecture V6","Oui","Raccordées : mêmes actions serveur qu'avant, code inchangé ; non exercées","Aperçu local, données fictives, 1440 et 390 px (captures/A04-*.jpg)","Non — bloqué : aucun projet de recette ni compte de test (voir docs/refonte/recette-isolee.md)","La séance elle-même (/app/seances/[id]) n'est pas recomposée"
"A05","Recherche","/app/recherche","/app/recherche","src/app/app/recherche/page.tsx","lib/v6/contexte","Connecté","Recherche V6 sous droits","Oui","Recherche serveur sous droits inchangée ; non exercée","Aperçu local, données fictives, 1440 et 390 px (captures/A05-*.jpg) (état initial seulement)","Non — bloqué : aucun projet de recette ni compte de test (voir docs/refonte/recette-isolee.md)",""
"A06","Révision","/app/reviser","/app/reviser","src/app/app/reviser/page.tsx","lib/v6/contexte ; lib/v6/fiches ; lib/v6/revision","Élève","Hub de révision V6","Oui","Raccordées : mêmes actions serveur qu'avant, code inchangé ; non exercées","Aperçu local, données fictives, 1440 et 390 px (captures/A06-*.jpg)","Non — bloqué : aucun projet de recette ni compte de test (voir docs/refonte/recette-isolee.md)",""
"A07","Séance","/app/reviser/seance","/app/cartes/[fiche] ; /app/entrainements/[session]","src/app/app/cartes/[fiche]/PaquetCartes.tsx ; src/app/app/entrainements/[session]/Entrainement.tsx","lib/v6/fiches","Élève","Cartes V6 avec retournement 3D","Oui (lot précédent)","Raccordées : mêmes actions serveur qu'avant, code inchangé ; non exercées","Aperçu local /apercu/cartes, 1440 et 390 px","Non — bloqué : aucun projet de recette ni compte de test (voir docs/refonte/recette-isolee.md)",""
"A08","Fiches à la demande","/app/fiches","/app/fiches/nouvelle ; /app/fiches/[fiche]","src/app/app/fiches/nouvelle/page.tsx","lib/v6/contexte ; lib/v6/fiches","Élève","Création de révision sourcée V6","Oui (étapes numérotées, récapitulatif blush, cartes de format)","Raccordées : mêmes actions serveur qu'avant, code inchangé ; non exercées","Aperçu local, données fictives, 1440 et 390 px (captures/A08-*.jpg)","Non — bloqué : aucun projet de recette ni compte de test (voir docs/refonte/recette-isolee.md)",""
"A09","Carnet d’erreurs","/app/erreurs","/app/erreurs","src/app/app/erreurs/page.tsx","lib/supabase-serveur ; lib/v6/contexte","Élève","Carnet V6","Oui","Raccordées : mêmes actions serveur qu'avant, code inchangé ; non exercées","Aperçu local, données fictives, 1440 et 390 px (captures/A09-*.jpg)","Non — bloqué : aucun projet de recette ni compte de test (voir docs/refonte/recette-isolee.md)",""
"A10","Débloque-moi","/app/debloque-moi","/app/aide (parcours Débloque-moi)","src/app/app/aide/ParcoursDebloque.tsx","","Élève","Parcours V6","Oui","Raccordées : mêmes actions serveur qu'avant, code inchangé ; non exercées","Aperçu local, données fictives, 1440 et 390 px (captures/A10-*.jpg)","Non — bloqué : aucun projet de recette ni compte de test (voir docs/refonte/recette-isolee.md)",""
"A11","Ma classe","/app/classe","/app/classe","src/app/app/classe/page.tsx","lib/v6/contexte","Membre classe","Écran V6","Oui","Raccordées : mêmes actions serveur qu'avant, code inchangé ; non exercées","Aperçu local, données fictives, 1440 et 390 px (captures/A11-*.jpg)","Non — bloqué : aucun projet de recette ni compte de test (voir docs/refonte/recette-isolee.md)",""
"A12","Salon de classe","/app/messages","/app/messagerie ; /app/classes/[classe]/salons/[salon]","src/app/app/messagerie/page.tsx","lib/v6/contexte ; lib/v6/messagerie","Élève et professeur","Salons V6","Oui (liste des salons) ; fil de discussion conservé","Raccordées : mêmes actions serveur qu'avant, code inchangé ; non exercées","Aperçu local, données fictives, 1440 et 390 px (captures/A12-*.jpg) (liste seulement)","Non — bloqué : aucun projet de recette ni compte de test (voir docs/refonte/recette-isolee.md)",""
"A13","Membres","/app/classe/membres","/app/classe/membres","src/app/app/classe/membres/page.tsx","lib/v6/contexte","Membre/responsable","Écran V6","Oui (compteurs, carte du code en blush, encadré de confidentialité)","Raccordées : mêmes actions serveur qu'avant, code inchangé ; non exercées","Aperçu local, données fictives, 1440 et 390 px (captures/A13-*.jpg) (vue professeur principal)","Non — bloqué : aucun projet de recette ni compte de test (voir docs/refonte/recette-isolee.md)",""
"A14","Vie de classe","/app/classe/vie","/app/classe/vie","src/app/app/classe/vie/page.tsx","lib/v6/contexte","Membre classe","Consultations et délégués V6","Oui","Raccordées : mêmes actions serveur qu'avant, code inchangé ; non exercées","Aperçu local, données fictives, 1440 et 390 px (captures/A14-*.jpg)","Non — bloqué : aucun projet de recette ni compte de test (voir docs/refonte/recette-isolee.md)",""
"A15","Projets","/app/projets","/app/projets","src/app/app/projets/page.tsx","lib/supabase-serveur ; lib/v6/contexte","Membre classe","Écran V6","Oui (tableau + liste mobile ; détail du projet ajusté)","Raccordées : mêmes actions serveur qu'avant, code inchangé ; non exercées","Aperçu local, données fictives, 1440 et 390 px (captures/A15-*.jpg) (liste seulement)","Non — bloqué : aucun projet de recette ni compte de test (voir docs/refonte/recette-isolee.md)",""
"A16","Agenda","/app/agenda","/app/agenda","src/app/app/agenda/page.tsx","lib/supabase-serveur ; lib/v6/contexte ; lib/v6/eleve","Connecté","Écran V6","Oui","Raccordées : mêmes actions serveur qu'avant, code inchangé ; non exercées","Aperçu local, données fictives, 1440 et 390 px (captures/A16-*.jpg)","Non — bloqué : aucun projet de recette ni compte de test (voir docs/refonte/recette-isolee.md)",""
"A17","Orientation","/app/orientation","/app/orientation","src/app/app/orientation/page.tsx","lib/supabase-serveur ; lib/v6/contexte ; lib/v6/classe","Élève","Écran V6","Oui (filtres, cartes) ; pas de catalogue de ressources (absent du produit)","Raccordées : mêmes actions serveur qu'avant, code inchangé ; non exercées","Aperçu local, données fictives, 1440 et 390 px (captures/A17-*.jpg)","Non — bloqué : aucun projet de recette ni compte de test (voir docs/refonte/recette-isolee.md)",""
"A18","Ateliers","/app/ateliers","/app/ateliers","src/app/app/ateliers/page.tsx","lib/supabase-serveur ; lib/v6/contexte","Élève","Écran V6","Oui","Lecture seule","Aperçu local, données fictives, 1440 et 390 px (captures/A18-*.jpg)","Non — bloqué : aucun projet de recette ni compte de test (voir docs/refonte/recette-isolee.md)",""
"A19","Demander à un adulte","/app/aide-adulte","/app/demandes/nouvelle ; /app/demandes","src/app/app/demandes/nouvelle/page.tsx","lib/supabase-serveur ; lib/v6/contexte","Élève","Circuit séparé V6","Oui","Raccordées : mêmes actions serveur qu'avant, code inchangé ; non exercées","Aperçu local, données fictives, 1440 et 390 px (captures/A19-*.jpg) (+ liste des demandes A19b)","Non — bloqué : aucun projet de recette ni compte de test (voir docs/refonte/recette-isolee.md)","Pas de créneau de rendez-vous : fonction absente côté serveur"
"A20","Réglages","/app/reglages","/app/reglages","src/app/app/reglages/page.tsx","lib/supabase-serveur ; lib/v6/contexte","Connecté","Réglages V6 mentionnant la 3D","Oui (onglets servis par le serveur)","Raccordées : mêmes actions serveur qu'avant, code inchangé ; non exercées","Aperçu local, données fictives, 1440 et 390 px (captures/A20-*.jpg) (onglets Compte et Affichage)","Non — bloqué : aucun projet de recette ni compte de test (voir docs/refonte/recette-isolee.md)",""
"A21","Hors ligne","/app/hors-ligne","/app/hors-ligne","src/app/app/hors-ligne/page.tsx","","Connecté/offline","Écran V6","Oui","Stockage local borné inchangé","Aperçu local, données fictives, 1440 et 390 px (captures/A21-*.jpg)","Non — bloqué : aucun projet de recette ni compte de test (voir docs/refonte/recette-isolee.md)",""
"A22","Accès en attente","/app/acces-en-attente","/acces-en-attente","src/app/acces-en-attente/page.tsx","lib/session-serveur ; lib/supabase-serveur ; lib/v6/redirection ; app/acces-en-attente/actions","Compte sans adhésion","Écran V6","Oui (bloc d'attente plat sur la coque d'accès : sans menu connecté tant que l'adhésion n'est pas validée)","Raccordées : mêmes actions serveur qu'avant, code inchangé ; non exercées","Non capturé (session requise)","Non — bloqué : aucun projet de recette ni compte de test (voir docs/refonte/recette-isolee.md)",""
"T01","Accueil professeur","/app/professeur","/professeur","src/app/professeur/page.tsx","lib/session-serveur ; lib/studio ; lib/espace-professeur ; lib/echeances ; lib/v6/eleve ; lib/v6/professeur","Professeur","Accueil prof V6","Oui","Raccordées : mêmes actions serveur qu'avant, code inchangé ; non exercées","Aperçu local, données fictives, 1440 et 390 px (captures/T01-*.jpg)","Non — bloqué : aucun projet de recette ni compte de test (voir docs/refonte/recette-isolee.md)",""
"T02","Studio","/app/studio","/studio ; /professeur/studio","src/app/studio/page.tsx ; src/app/professeur/studio/page.tsx","lib/session-serveur ; lib/studio ; lib/studio-documents","Professeur","Deux studios V6 (séances / documents)","Oui (Studio de séances et Studio d'import)","Raccordées : mêmes actions serveur qu'avant, code inchangé ; non exercées","Aperçu local, données fictives, 1440 et 390 px (captures/T02-*.jpg) (T02 et T02b)","Non — bloqué : aucun projet de recette ni compte de test (voir docs/refonte/recette-isolee.md)",""
"T03","Éditeur de cours","/app/studio/cours/:id","/studio/[seance] ; /professeur/studio/[document]","src/app/professeur/studio/[document]/page.tsx","lib/session-serveur ; lib/studio-documents","Auteur autorisé","Éditeurs V6","Oui (onglets, en-tête, publication en blush, étiquettes de blocs) ; éditeur de document : titres et étiquettes alignés","Raccordées : mêmes actions serveur qu'avant, code inchangé ; non exercées","Aperçu local, données fictives, 1440 et 390 px (captures/T03-*.jpg) (éditeur de séance)","Non — bloqué : aucun projet de recette ni compte de test (voir docs/refonte/recette-isolee.md)","Éditeur de document non capturé (document importé requis)"
"T04","Banque d’exercices","/app/studio/exercices","/studio/exercices","src/app/studio/exercices/page.tsx","lib/session-serveur ; lib/espace-professeur ; lib/studio ; lib/v6/banque ; lib/v6/redirection","Professeur","Banque V6","Oui","Raccordées : mêmes actions serveur qu'avant, code inchangé ; non exercées","Aperçu local, données fictives, 1440 et 390 px (captures/T04-*.jpg)","Non — bloqué : aucun projet de recette ni compte de test (voir docs/refonte/recette-isolee.md)",""
"T05","Éditeur atelier","/app/studio/ateliers","/app/prof/ateliers/nouveau ; /app/prof/ateliers/[atelier]","src/app/app/prof/ateliers/nouveau/page.tsx","lib/v6/contexte","Professeur","Éditeur V6","Oui (liste recomposée ; assistant en quatre étapes déjà conforme)","Raccordées : mêmes actions serveur qu'avant, code inchangé ; non exercées","Aperçu local, données fictives, 1440 et 390 px (captures/T05-*.jpg) (liste T05 et assistant étape 1 T05b)","Non — bloqué : aucun projet de recette ni compte de test (voir docs/refonte/recette-isolee.md)",""
"D01","Administration","/app/admin","/admin","src/app/admin/page.tsx","lib/etablissement ; lib/lot-rentree ; lib/session-serveur ; lib/supabase-serveur","Admin autorisé","Vue d'ensemble V6","Oui","Compteurs réels inchangés","Aperçu local, données fictives, 1440 et 390 px (captures/D01-*.jpg)","Non — bloqué : aucun projet de recette ni compte de test (voir docs/refonte/recette-isolee.md)","Second facteur conservé"
"D02","Élèves et import","/app/admin/eleves","/admin/import ; /admin/import/[lot] ; /admin/utilisateurs","src/app/admin/import/page.tsx ; src/app/admin/import/[lot]/page.tsx","lib/etablissement ; lib/lot-rentree ; lib/session-serveur","Admin","Import V6 en deux écrans","Oui (Personnes : onglets et tableau ; import : étapes, compteurs en cartes, onglets Valides / À corriger / En double)","Raccordées : mêmes actions serveur qu'avant, code inchangé ; non exercées","Aperçu local, données fictives, 1440 et 390 px (captures/D02-*.jpg) (Personnes D02, vérification d'import D02b)","Non — bloqué : aucun projet de recette ni compte de test (voir docs/refonte/recette-isolee.md)",""
"D03","Récupérations","/app/admin/acces","/admin/recuperation","src/app/admin/recuperation/page.tsx","lib/supabase-serveur ; lib/v6/contexte","Admin","File V6","Oui","Raccordées : mêmes actions serveur qu'avant, code inchangé ; non exercées","Aperçu local, données fictives, 1440 et 390 px (captures/D03-*.jpg)","Non — bloqué : aucun projet de recette ni compte de test (voir docs/refonte/recette-isolee.md)","Procédure réelle : référence + vérification hors application"
"D04","Modération","/app/admin/moderation","/admin/moderation","src/app/admin/moderation/page.tsx","lib/garde-assurance ; lib/moderation ; lib/session-serveur","Admin/modérateur","Écran V6","Oui","Raccordées : mêmes actions serveur qu'avant, code inchangé ; non exercées","Aperçu local, données fictives, 1440 et 390 px (captures/D04-*.jpg)","Non — bloqué : aucun projet de recette ni compte de test (voir docs/refonte/recette-isolee.md)",""
"D05","Années scolaires","/app/admin/annees","/admin/annees","src/app/admin/annees/page.tsx","lib/supabase-serveur ; lib/v6/contexte","Admin","Transition d'année V6 (aperçu, bascule, préinscription)","Oui (étapes déduites de l'état en base)","Raccordées : mêmes actions serveur qu'avant, code inchangé ; non exercées","Aperçu local, données fictives, 1440 et 390 px (captures/D05-*.jpg)","Non — bloqué : aucun projet de recette ni compte de test (voir docs/refonte/recette-isolee.md)",""
"P15","Produit","/produit","/produit","src/app/(public)/(site)/produit/page.tsx","","Public","Page V6","Oui","Liens uniquement","Rendu réel local, 1440 et 390 px (captures/P15-*.jpg)","Sans objet (page publique)",""
"P16","Établissements","/etablissements","/etablissements","src/app/(public)/(site)/etablissements/page.tsx","lib/demande-commerciale","Public","Page V6","Oui","Formulaire de demande serveur inchangé ; envoi non exercé (CSRF + base de production)","Rendu réel local, 1440 et 390 px (captures/P16-*.jpg)","Sans objet (page publique)",""
"P17","Offre","/offre","/offre","src/app/(public)/(site)/offre/page.tsx","lib/identite-legale","Public","Page V6 sans prix","Gabarit R2 hérité, conforme","Liens uniquement","Rendu réel local, 1440 et 390 px (captures/P17-*.jpg)","Sans objet (page publique)","Aucun prix ajouté"
"P18","Contact et démonstration","/contact","/contact","src/app/(public)/(site)/contact/page.tsx","lib/demande-commerciale ; lib/identite-legale","Public","Page V6","Oui","Formulaire de demande serveur inchangé ; envoi non exercé (CSRF + base de production)","Rendu réel local, 1440 et 390 px (captures/P18-*.jpg)","Sans objet (page publique)",""
"P19","Sécurité","/securite","/securite","src/app/(public)/(site)/securite/page.tsx","lib/identite-legale","Public","Page éditoriale V6","Oui (sommaire)","Liens uniquement","Rendu réel local (lot précédent)","Sans objet (page publique)",""
"P20","Conditions","/conditions","/conditions","src/app/(public)/(site)/conditions/page.tsx","lib/identite-legale","Public","Page éditoriale V6","Oui (sommaire)","Liens uniquement","Rendu réel local (lot précédent)","Sans objet (page publique)",""
"P21","Page introuvable","/404","toute route inconnue","src/app/not-found.tsx","","Public","404 V6","Oui","Liens uniquement","Rendu réel local, 1440 et 390 px (captures/P21-*.jpg)","Sans objet (page publique)",""
